姓名,Age,Sex,体重,婚姻状况
"李肖",22,"帅哥",130.60000610351562,false
"李肖",22,"帅哥",130.60000610351562,false
"李肖",22,"帅哥",130.60000610351562,false
"李肖",22,"帅哥",130.60000610351562,false
"李肖",22,"帅哥",130.60000610351562,false
"李肖",22,"帅哥",130.60000610351562,false
"李肖",22,"帅哥",130.60000610351562,false
"李肖",22,"帅哥",130.60000610351562,false
"李肖",22,"帅哥",130.60000610351562,false
"李肖",22,"帅哥",130.60000610351562,false
